precision,recall,f1,auc,threshold,risk_threshold,FN_default,FN_risk
0.8798076923076923,0.8133333333333334,0.8452655889145496,0.8266153846153846,0.59,0.16666666666666666,42,6
